name,node_id,zone_id,control_type,control_type_name,cycle_length_in_second,x,y,geometry
,1,0,0,unknown_control,0,116.514547,39.779949,"<Point><coordinates>116.514547,39.779949</coordinates></Point>"
,2,0,0,unknown_control,0,116.524687,39.814472,"<Point><coordinates>116.524687,39.814472</coordinates></Point>"
,3,0,0,unknown_control,0,116.523434,39.812995,"<Point><coordinates>116.523434,39.812995</coordinates></Point>"
,4,0,0,unknown_control,0,116.557385,39.783420,"<Point><coordinates>116.557385,39.783420</coordinates></Point>"
,5,0,0,unknown_control,0,116.557636,39.783553,"<Point><coordinates>116.557636,39.783553</coordinates></Point>"
,6,0,0,unknown_control,0,116.561179,39.785297,"<Point><coordinates>116.561179,39.785297</coordinates></Point>"
,7,0,0,unknown_control,0,116.564782,39.786977,"<Point><coordinates>116.564782,39.786977</coordinates></Point>"
,8,0,0,unknown_control,0,116.564907,39.787037,"<Point><coordinates>116.564907,39.787037</coordinates></Point>"
,9,0,0,unknown_control,0,116.570759,39.790440,"<Point><coordinates>116.570759,39.790440</coordinates></Point>"
,10,0,0,unknown_control,0,116.564796,39.787161,"<Point><coordinates>116.564796,39.787161</coordinates></Point>"
,11,0,0,unknown_control,0,116.564678,39.787104,"<Point><coordinates>116.564678,39.787104</coordinates></Point>"
,12,0,0,unknown_control,0,116.561087,39.785402,"<Point><coordinates>116.561087,39.785402</coordinates></Point>"
,13,0,0,unknown_control,0,116.557551,39.783649,"<Point><coordinates>116.557551,39.783649</coordinates></Point>"
,14,0,0,unknown_control,0,116.557288,39.783526,"<Point><coordinates>116.557288,39.783526</coordinates></Point>"
,15,0,0,unknown_control,0,116.565166,39.791538,"<Point><coordinates>116.565166,39.791538</coordinates></Point>"
,16,0,0,unknown_control,0,116.555727,39.791235,"<Point><coordinates>116.555727,39.791235</coordinates></Point>"
,17,0,0,unknown_control,0,116.559392,39.793030,"<Point><coordinates>116.559392,39.793030</coordinates></Point>"
,18,0,0,unknown_control,0,116.559262,39.792966,"<Point><coordinates>116.559262,39.792966</coordinates></Point>"
,19,0,0,unknown_control,0,116.552143,39.789519,"<Point><coordinates>116.552143,39.789519</coordinates></Point>"
,20,0,0,unknown_control,0,116.551908,39.789392,"<Point><coordinates>116.551908,39.789392</coordinates></Point>"
,21,0,0,unknown_control,0,116.548441,39.787723,"<Point><coordinates>116.548441,39.787723</coordinates></Point>"
,22,0,0,unknown_control,0,116.545525,39.786335,"<Point><coordinates>116.545525,39.786335</coordinates></Point>"
,23,0,0,unknown_control,0,116.545383,39.786266,"<Point><coordinates>116.545383,39.786266</coordinates></Point>"
,24,0,0,unknown_control,0,116.540113,39.783699,"<Point><coordinates>116.540113,39.783699</coordinates></Point>"
,25,0,0,unknown_control,0,116.539931,39.783597,"<Point><coordinates>116.539931,39.783597</coordinates></Point>"
,26,0,0,unknown_control,0,116.562121,39.790037,"<Point><coordinates>116.562121,39.790037</coordinates></Point>"
,27,0,0,unknown_control,0,116.559494,39.792906,"<Point><coordinates>116.559494,39.792906</coordinates></Point>"
,28,0,0,unknown_control,0,116.556712,39.795917,"<Point><coordinates>116.556712,39.795917</coordinates></Point>"
,29,0,0,unknown_control,0,116.554105,39.798812,"<Point><coordinates>116.554105,39.798812</coordinates></Point>"
,30,0,0,unknown_control,0,116.553975,39.798953,"<Point><coordinates>116.553975,39.798953</coordinates></Point>"
,31,0,0,unknown_control,0,116.553813,39.798875,"<Point><coordinates>116.553813,39.798875</coordinates></Point>"
,32,0,0,unknown_control,0,116.553946,39.798719,"<Point><coordinates>116.553946,39.798719</coordinates></Point>"
,33,0,0,unknown_control,0,116.556585,39.795857,"<Point><coordinates>116.556585,39.795857</coordinates></Point>"
,34,0,0,unknown_control,0,116.559370,39.792847,"<Point><coordinates>116.559370,39.792847</coordinates></Point>"
,35,0,0,unknown_control,0,116.562009,39.789983,"<Point><coordinates>116.562009,39.789983</coordinates></Point>"
,36,0,0,unknown_control,0,116.572408,39.783592,"<Point><coordinates>116.572408,39.783592</coordinates></Point>"
,37,0,0,unknown_control,0,116.542986,39.806047,"<Point><coordinates>116.542986,39.806047</coordinates></Point>"
,38,0,0,unknown_control,0,116.497242,39.797352,"<Point><coordinates>116.497242,39.797352</coordinates></Point>"
,39,0,0,unknown_control,0,116.494633,39.800545,"<Point><coordinates>116.494633,39.800545</coordinates></Point>"
,40,0,0,unknown_control,0,116.524430,39.801468,"<Point><coordinates>116.524430,39.801468</coordinates></Point>"
,41,0,0,unknown_control,0,116.530181,39.804241,"<Point><coordinates>116.530181,39.804241</coordinates></Point>"
,42,0,0,unknown_control,0,116.533425,39.805489,"<Point><coordinates>116.533425,39.805489</coordinates></Point>"
,43,0,0,unknown_control,0,116.541052,39.808346,"<Point><coordinates>116.541052,39.808346</coordinates></Point>"
,44,0,0,unknown_control,0,116.533308,39.805646,"<Point><coordinates>116.533308,39.805646</coordinates></Point>"
,45,0,0,unknown_control,0,116.524320,39.801610,"<Point><coordinates>116.524320,39.801610</coordinates></Point>"
,46,0,0,unknown_control,0,116.546867,39.767756,"<Point><coordinates>116.546867,39.767756</coordinates></Point>"
,47,0,0,unknown_control,0,116.546678,39.768030,"<Point><coordinates>116.546678,39.768030</coordinates></Point>"
,48,0,0,unknown_control,0,116.544356,39.767331,"<Point><coordinates>116.544356,39.767331</coordinates></Point>"
,49,0,0,unknown_control,0,116.530043,39.804404,"<Point><coordinates>116.530043,39.804404</coordinates></Point>"
,50,0,0,unknown_control,0,116.535116,39.798159,"<Point><coordinates>116.535116,39.798159</coordinates></Point>"
,51,0,0,unknown_control,0,116.526670,39.798250,"<Point><coordinates>116.526670,39.798250</coordinates></Point>"
,52,0,0,unknown_control,0,116.526887,39.798321,"<Point><coordinates>116.526887,39.798321</coordinates></Point>"
,53,0,0,unknown_control,0,116.532710,39.801148,"<Point><coordinates>116.532710,39.801148</coordinates></Point>"
,54,0,0,unknown_control,0,116.535637,39.802486,"<Point><coordinates>116.535637,39.802486</coordinates></Point>"
,55,0,0,unknown_control,0,116.540438,39.796605,"<Point><coordinates>116.540438,39.796605</coordinates></Point>"
,56,0,0,unknown_control,0,116.529564,39.799593,"<Point><coordinates>116.529564,39.799593</coordinates></Point>"
,57,0,0,unknown_control,0,116.527135,39.802770,"<Point><coordinates>116.527135,39.802770</coordinates></Point>"
,58,0,0,unknown_control,0,116.527002,39.802930,"<Point><coordinates>116.527002,39.802930</coordinates></Point>"
,59,0,0,unknown_control,0,116.524398,39.805999,"<Point><coordinates>116.524398,39.805999</coordinates></Point>"
,60,0,0,unknown_control,0,116.521113,39.804452,"<Point><coordinates>116.521113,39.804452</coordinates></Point>"
,61,0,0,unknown_control,0,116.521260,39.804568,"<Point><coordinates>116.521260,39.804568</coordinates></Point>"
,62,0,0,unknown_control,0,116.543184,39.781195,"<Point><coordinates>116.543184,39.781195</coordinates></Point>"
,63,0,0,unknown_control,0,116.527698,39.807597,"<Point><coordinates>116.527698,39.807597</coordinates></Point>"
,64,0,0,unknown_control,0,116.530568,39.808955,"<Point><coordinates>116.530568,39.808955</coordinates></Point>"
,65,0,0,unknown_control,0,116.533818,39.810433,"<Point><coordinates>116.533818,39.810433</coordinates></Point>"
,66,0,0,unknown_control,0,116.531300,39.813512,"<Point><coordinates>116.531300,39.813512</coordinates></Point>"
,67,0,0,unknown_control,0,116.523381,39.805553,"<Point><coordinates>116.523381,39.805553</coordinates></Point>"
,68,0,0,unknown_control,0,116.535264,39.798232,"<Point><coordinates>116.535264,39.798232</coordinates></Point>"
,69,0,0,unknown_control,0,116.532840,39.801207,"<Point><coordinates>116.532840,39.801207</coordinates></Point>"
,70,0,0,unknown_control,0,116.530209,39.804467,"<Point><coordinates>116.530209,39.804467</coordinates></Point>"
,71,0,0,unknown_control,0,116.530350,39.804306,"<Point><coordinates>116.530350,39.804306</coordinates></Point>"
,72,0,0,unknown_control,0,116.527806,39.807648,"<Point><coordinates>116.527806,39.807648</coordinates></Point>"
,73,0,0,unknown_control,0,116.525464,39.810734,"<Point><coordinates>116.525464,39.810734</coordinates></Point>"
,74,0,0,unknown_control,0,116.524888,39.811324,"<Point><coordinates>116.524888,39.811324</coordinates></Point>"
,75,0,0,unknown_control,0,116.528776,39.816442,"<Point><coordinates>116.528776,39.816442</coordinates></Point>"
,76,0,0,unknown_control,0,116.568415,39.778018,"<Point><coordinates>116.568415,39.778018</coordinates></Point>"
,77,0,0,unknown_control,0,116.501602,39.790602,"<Point><coordinates>116.501602,39.790602</coordinates></Point>"
,78,0,0,unknown_control,0,116.499057,39.793765,"<Point><coordinates>116.499057,39.793765</coordinates></Point>"
,79,0,0,unknown_control,0,116.514562,39.771284,"<Point><coordinates>116.514562,39.771284</coordinates></Point>"
,80,0,0,unknown_control,0,116.511208,39.772749,"<Point><coordinates>116.511208,39.772749</coordinates></Point>"
,81,0,0,unknown_control,0,116.568031,39.781420,"<Point><coordinates>116.568031,39.781420</coordinates></Point>"
,82,0,0,unknown_control,0,116.569559,39.793857,"<Point><coordinates>116.569559,39.793857</coordinates></Point>"
,83,0,0,unknown_control,0,116.566423,39.796314,"<Point><coordinates>116.566423,39.796314</coordinates></Point>"
,84,0,0,unknown_control,0,116.566408,39.796422,"<Point><coordinates>116.566408,39.796422</coordinates></Point>"
,85,0,0,unknown_control,0,116.521587,39.766276,"<Point><coordinates>116.521587,39.766276</coordinates></Point>"
,86,0,0,unknown_control,0,116.521788,39.766152,"<Point><coordinates>116.521788,39.766152</coordinates></Point>"
,87,0,0,unknown_control,0,116.536878,39.763168,"<Point><coordinates>116.536878,39.763168</coordinates></Point>"
,88,0,0,unknown_control,0,116.537077,39.763307,"<Point><coordinates>116.537077,39.763307</coordinates></Point>"
,89,0,0,unknown_control,0,116.509587,39.781679,"<Point><coordinates>116.509587,39.781679</coordinates></Point>"
,90,0,0,unknown_control,0,116.507102,39.784684,"<Point><coordinates>116.507102,39.784684</coordinates></Point>"
,91,0,0,unknown_control,0,116.507545,39.784902,"<Point><coordinates>116.507545,39.784902</coordinates></Point>"
,92,0,0,unknown_control,0,116.505043,39.787947,"<Point><coordinates>116.505043,39.787947</coordinates></Point>"
,93,0,0,unknown_control,0,116.478493,39.792740,"<Point><coordinates>116.478493,39.792740</coordinates></Point>"
,94,0,0,unknown_control,0,116.473610,39.800808,"<Point><coordinates>116.473610,39.800808</coordinates></Point>"
,95,0,0,unknown_control,0,116.486854,39.783317,"<Point><coordinates>116.486854,39.783317</coordinates></Point>"
,96,0,0,unknown_control,0,116.484010,39.786465,"<Point><coordinates>116.484010,39.786465</coordinates></Point>"
,97,0,0,unknown_control,0,116.481267,39.789613,"<Point><coordinates>116.481267,39.789613</coordinates></Point>"
,98,0,0,unknown_control,0,116.489390,39.780362,"<Point><coordinates>116.489390,39.780362</coordinates></Point>"
,99,0,0,unknown_control,0,116.511143,39.772947,"<Point><coordinates>116.511143,39.772947</coordinates></Point>"
,100,0,0,unknown_control,0,116.507482,39.774348,"<Point><coordinates>116.507482,39.774348</coordinates></Point>"
,101,0,0,unknown_control,0,116.502059,39.775769,"<Point><coordinates>116.502059,39.775769</coordinates></Point>"
,102,0,0,unknown_control,0,116.495516,39.777491,"<Point><coordinates>116.495516,39.777491</coordinates></Point>"
,103,0,0,unknown_control,0,116.504025,39.791772,"<Point><coordinates>116.504025,39.791772</coordinates></Point>"
,104,0,0,unknown_control,0,116.522202,39.809157,"<Point><coordinates>116.522202,39.809157</coordinates></Point>"
,105,0,0,unknown_control,0,116.519519,39.809918,"<Point><coordinates>116.519519,39.809918</coordinates></Point>"
,106,0,0,unknown_control,0,116.525273,39.770520,"<Point><coordinates>116.525273,39.770520</coordinates></Point>"
,107,0,0,unknown_control,0,116.519636,39.812005,"<Point><coordinates>116.519636,39.812005</coordinates></Point>"
,108,0,0,unknown_control,0,116.513703,39.780068,"<Point><coordinates>116.513703,39.780068</coordinates></Point>"
,109,0,0,unknown_control,0,116.512239,39.781654,"<Point><coordinates>116.512239,39.781654</coordinates></Point>"
,110,0,0,unknown_control,0,116.516904,39.812836,"<Point><coordinates>116.516904,39.812836</coordinates></Point>"
,111,0,0,unknown_control,0,116.512221,39.781894,"<Point><coordinates>116.512221,39.781894</coordinates></Point>"
,112,0,0,unknown_control,0,116.511631,39.782622,"<Point><coordinates>116.511631,39.782622</coordinates></Point>"
,113,0,0,unknown_control,0,116.509758,39.784704,"<Point><coordinates>116.509758,39.784704</coordinates></Point>"
,114,0,0,unknown_control,0,116.509737,39.784958,"<Point><coordinates>116.509737,39.784958</coordinates></Point>"
,115,0,0,unknown_control,0,116.526122,39.785554,"<Point><coordinates>116.526122,39.785554</coordinates></Point>"
,116,0,0,unknown_control,0,116.509160,39.785670,"<Point><coordinates>116.509160,39.785670</coordinates></Point>"
,117,0,0,unknown_control,0,116.507321,39.787719,"<Point><coordinates>116.507321,39.787719</coordinates></Point>"
,118,0,0,unknown_control,0,116.507263,39.788017,"<Point><coordinates>116.507263,39.788017</coordinates></Point>"
,119,0,0,unknown_control,0,116.523733,39.788464,"<Point><coordinates>116.523733,39.788464</coordinates></Point>"
,120,0,0,unknown_control,0,116.510671,39.788574,"<Point><coordinates>116.510671,39.788574</coordinates></Point>"
,121,0,0,unknown_control,0,116.506685,39.788732,"<Point><coordinates>116.506685,39.788732</coordinates></Point>"
,122,0,0,unknown_control,0,116.504905,39.790694,"<Point><coordinates>116.504905,39.790694</coordinates></Point>"
,123,0,0,unknown_control,0,116.504875,39.790966,"<Point><coordinates>116.504875,39.790966</coordinates></Point>"
,124,0,0,unknown_control,0,116.521290,39.791577,"<Point><coordinates>116.521290,39.791577</coordinates></Point>"
,125,0,0,unknown_control,0,116.504165,39.791838,"<Point><coordinates>116.504165,39.791838</coordinates></Point>"
,126,0,0,unknown_control,0,116.504245,39.791743,"<Point><coordinates>116.504245,39.791743</coordinates></Point>"
,127,0,0,unknown_control,0,116.502228,39.793979,"<Point><coordinates>116.502228,39.793979</coordinates></Point>"
,128,0,0,unknown_control,0,116.502184,39.794272,"<Point><coordinates>116.502184,39.794272</coordinates></Point>"
,129,0,0,unknown_control,0,116.501591,39.795001,"<Point><coordinates>116.501591,39.795001</coordinates></Point>"
,130,0,0,unknown_control,0,116.499615,39.797202,"<Point><coordinates>116.499615,39.797202</coordinates></Point>"
,131,0,0,unknown_control,0,116.498989,39.798204,"<Point><coordinates>116.498989,39.798204</coordinates></Point>"
,132,0,0,unknown_control,0,116.499578,39.797480,"<Point><coordinates>116.499578,39.797480</coordinates></Point>"
,133,0,0,unknown_control,0,116.497022,39.800379,"<Point><coordinates>116.497022,39.800379</coordinates></Point>"
,134,0,0,unknown_control,0,116.497007,39.800636,"<Point><coordinates>116.497007,39.800636</coordinates></Point>"
,135,0,0,unknown_control,0,116.496408,39.801370,"<Point><coordinates>116.496408,39.801370</coordinates></Point>"
,136,0,0,unknown_control,0,116.496369,39.801423,"<Point><coordinates>116.496369,39.801423</coordinates></Point>"
,137,0,0,unknown_control,0,116.494454,39.803559,"<Point><coordinates>116.494454,39.803559</coordinates></Point>"
,138,0,0,unknown_control,0,116.494414,39.803827,"<Point><coordinates>116.494414,39.803827</coordinates></Point>"
,139,0,0,unknown_control,0,116.493767,39.804624,"<Point><coordinates>116.493767,39.804624</coordinates></Point>"
,140,0,0,unknown_control,0,116.517181,39.812531,"<Point><coordinates>116.517181,39.812531</coordinates></Point>"
,141,0,0,unknown_control,0,116.515805,39.788903,"<Point><coordinates>116.515805,39.788903</coordinates></Point>"
,142,0,0,unknown_control,0,116.515913,39.788956,"<Point><coordinates>116.515913,39.788956</coordinates></Point>"
,143,0,0,unknown_control,0,116.525429,39.789285,"<Point><coordinates>116.525429,39.789285</coordinates></Point>"
,144,0,0,unknown_control,0,116.492950,39.790793,"<Point><coordinates>116.492950,39.790793</coordinates></Point>"
,145,0,0,unknown_control,0,116.523003,39.792412,"<Point><coordinates>116.523003,39.792412</coordinates></Point>"
,146,0,0,unknown_control,0,116.483394,39.795111,"<Point><coordinates>116.483394,39.795111</coordinates></Point>"
,147,0,0,unknown_control,0,116.498858,39.798138,"<Point><coordinates>116.498858,39.798138</coordinates></Point>"
,148,0,0,unknown_control,0,116.515855,39.801867,"<Point><coordinates>116.515855,39.801867</coordinates></Point>"
,149,0,0,unknown_control,0,116.498654,39.798043,"<Point><coordinates>116.498654,39.798043</coordinates></Point>"
,150,0,0,unknown_control,0,116.512892,39.804918,"<Point><coordinates>116.512892,39.804918</coordinates></Point>"
,151,0,0,unknown_control,0,116.486645,39.806026,"<Point><coordinates>116.486645,39.806026</coordinates></Point>"
,152,0,0,unknown_control,0,116.506449,39.810263,"<Point><coordinates>116.506449,39.810263</coordinates></Point>"
,153,0,0,unknown_control,0,116.534441,39.789287,"<Point><coordinates>116.534441,39.789287</coordinates></Point>"
,154,0,0,unknown_control,0,116.537204,39.790622,"<Point><coordinates>116.537204,39.790622</coordinates></Point>"
,155,0,0,unknown_control,0,116.540117,39.792030,"<Point><coordinates>116.540117,39.792030</coordinates></Point>"
,156,0,0,unknown_control,0,116.540266,39.792102,"<Point><coordinates>116.540266,39.792102</coordinates></Point>"
,157,0,0,unknown_control,0,116.546651,39.795186,"<Point><coordinates>116.546651,39.795186</coordinates></Point>"
,158,0,0,unknown_control,0,116.546880,39.795305,"<Point><coordinates>116.546880,39.795305</coordinates></Point>"
,159,0,0,unknown_control,0,116.550397,39.797038,"<Point><coordinates>116.550397,39.797038</coordinates></Point>"
,160,0,0,unknown_control,0,116.546729,39.795473,"<Point><coordinates>116.546729,39.795473</coordinates></Point>"
,161,0,0,unknown_control,0,116.546502,39.795358,"<Point><coordinates>116.546502,39.795358</coordinates></Point>"
,162,0,0,unknown_control,0,116.540128,39.792274,"<Point><coordinates>116.540128,39.792274</coordinates></Point>"
,163,0,0,unknown_control,0,116.539979,39.792202,"<Point><coordinates>116.539979,39.792202</coordinates></Point>"
,164,0,0,unknown_control,0,116.537057,39.790788,"<Point><coordinates>116.537057,39.790788</coordinates></Point>"
,165,0,0,unknown_control,0,116.534292,39.789451,"<Point><coordinates>116.534292,39.789451</coordinates></Point>"
,166,0,0,unknown_control,0,116.536452,39.819953,"<Point><coordinates>116.536452,39.819953</coordinates></Point>"
,167,0,0,unknown_control,0,116.529123,39.816530,"<Point><coordinates>116.529123,39.816530</coordinates></Point>"
,168,0,0,unknown_control,0,116.545480,39.786159,"<Point><coordinates>116.545480,39.786159</coordinates></Point>"
,169,0,0,unknown_control,0,116.548014,39.783198,"<Point><coordinates>116.548014,39.783198</coordinates></Point>"
,170,0,0,unknown_control,0,116.550554,39.780146,"<Point><coordinates>116.550554,39.780146</coordinates></Point>"
,171,0,0,unknown_control,0,116.550467,39.780247,"<Point><coordinates>116.550467,39.780247</coordinates></Point>"
,172,0,0,unknown_control,0,116.548119,39.783249,"<Point><coordinates>116.548119,39.783249</coordinates></Point>"
,173,0,0,unknown_control,0,116.545622,39.786229,"<Point><coordinates>116.545622,39.786229</coordinates></Point>"
,174,0,0,unknown_control,0,116.537684,39.795249,"<Point><coordinates>116.537684,39.795249</coordinates></Point>"
,175,0,0,unknown_control,0,116.546274,39.778008,"<Point><coordinates>116.546274,39.778008</coordinates></Point>"
,176,0,0,unknown_control,0,116.546454,39.778100,"<Point><coordinates>116.546454,39.778100</coordinates></Point>"
,177,0,0,unknown_control,0,116.550683,39.780202,"<Point><coordinates>116.550683,39.780202</coordinates></Point>"
,178,0,0,unknown_control,0,116.550595,39.780308,"<Point><coordinates>116.550595,39.780308</coordinates></Point>"
,179,0,0,unknown_control,0,116.537017,39.807028,"<Point><coordinates>116.537017,39.807028</coordinates></Point>"
,180,0,0,unknown_control,0,116.519071,39.794729,"<Point><coordinates>116.519071,39.794729</coordinates></Point>"
,181,0,0,unknown_control,0,116.520809,39.795580,"<Point><coordinates>116.520809,39.795580</coordinates></Point>"
,182,0,0,unknown_control,0,116.496569,39.805916,"<Point><coordinates>116.496569,39.805916</coordinates></Point>"
,183,0,0,unknown_control,0,116.498377,39.803668,"<Point><coordinates>116.498377,39.803668</coordinates></Point>"
,184,0,0,unknown_control,0,116.502259,39.805563,"<Point><coordinates>116.502259,39.805563</coordinates></Point>"
,185,0,0,unknown_control,0,116.502357,39.805607,"<Point><coordinates>116.502357,39.805607</coordinates></Point>"
,186,0,0,unknown_control,0,116.497658,39.802007,"<Point><coordinates>116.497658,39.802007</coordinates></Point>"
,187,0,0,unknown_control,0,116.500246,39.798810,"<Point><coordinates>116.500246,39.798810</coordinates></Point>"
,188,0,0,unknown_control,0,116.502841,39.795609,"<Point><coordinates>116.502841,39.795609</coordinates></Point>"
,189,0,0,unknown_control,0,116.505180,39.805655,"<Point><coordinates>116.505180,39.805655</coordinates></Point>"
,190,0,0,unknown_control,0,116.507779,39.802448,"<Point><coordinates>116.507779,39.802448</coordinates></Point>"
,191,0,0,unknown_control,0,116.510370,39.799230,"<Point><coordinates>116.510370,39.799230</coordinates></Point>"
,192,0,0,unknown_control,0,116.501015,39.803641,"<Point><coordinates>116.501015,39.803641</coordinates></Point>"
,193,0,0,unknown_control,0,116.503626,39.800441,"<Point><coordinates>116.503626,39.800441</coordinates></Point>"
,194,0,0,unknown_control,0,116.506239,39.797239,"<Point><coordinates>116.506239,39.797239</coordinates></Point>"
,195,0,0,unknown_control,0,116.508800,39.794064,"<Point><coordinates>116.508800,39.794064</coordinates></Point>"
,196,0,0,unknown_control,0,116.508850,39.793974,"<Point><coordinates>116.508850,39.793974</coordinates></Point>"
,197,0,0,unknown_control,0,116.511317,39.790973,"<Point><coordinates>116.511317,39.790973</coordinates></Point>"
,198,0,0,unknown_control,0,116.516654,39.797725,"<Point><coordinates>116.516654,39.797725</coordinates></Point>"
,199,0,0,unknown_control,0,116.513796,39.787924,"<Point><coordinates>116.513796,39.787924</coordinates></Point>"
,200,0,0,unknown_control,0,116.516272,39.784858,"<Point><coordinates>116.516272,39.784858</coordinates></Point>"
,201,0,0,unknown_control,0,116.511157,39.782402,"<Point><coordinates>116.511157,39.782402</coordinates></Point>"
,202,0,0,unknown_control,0,116.569061,39.772402,"<Point><coordinates>116.569061,39.772402</coordinates></Point>"
,203,0,0,unknown_control,0,116.543634,39.767031,"<Point><coordinates>116.543634,39.767031</coordinates></Point>"
,204,0,0,unknown_control,0,116.555669,39.771662,"<Point><coordinates>116.555669,39.771662</coordinates></Point>"
,205,0,0,unknown_control,0,116.493728,39.782431,"<Point><coordinates>116.493728,39.782431</coordinates></Point>"
,206,0,0,unknown_control,0,116.496161,39.779253,"<Point><coordinates>116.496161,39.779253</coordinates></Point>"
,207,0,0,unknown_control,0,116.492067,39.781624,"<Point><coordinates>116.492067,39.781624</coordinates></Point>"
,208,0,0,unknown_control,0,116.500039,39.780255,"<Point><coordinates>116.500039,39.780255</coordinates></Point>"
,209,0,0,unknown_control,0,116.503404,39.779544,"<Point><coordinates>116.503404,39.779544</coordinates></Point>"
,210,0,0,unknown_control,0,116.506622,39.780212,"<Point><coordinates>116.506622,39.780212</coordinates></Point>"
,211,0,0,unknown_control,0,116.531764,39.768744,"<Point><coordinates>116.531764,39.768744</coordinates></Point>"
,212,0,0,unknown_control,0,116.536508,39.771054,"<Point><coordinates>116.536508,39.771054</coordinates></Point>"
,213,0,0,unknown_control,0,116.508636,39.777142,"<Point><coordinates>116.508636,39.777142</coordinates></Point>"
,214,0,0,unknown_control,0,116.497756,39.773542,"<Point><coordinates>116.497756,39.773542</coordinates></Point>"
,215,0,0,unknown_control,0,116.518041,39.807152,"<Point><coordinates>116.518041,39.807152</coordinates></Point>"
,216,0,0,unknown_control,0,116.515112,39.809830,"<Point><coordinates>116.515112,39.809830</coordinates></Point>"
,217,0,0,unknown_control,0,116.513701,39.811027,"<Point><coordinates>116.513701,39.811027</coordinates></Point>"
,218,0,0,unknown_control,0,116.511751,39.812657,"<Point><coordinates>116.511751,39.812657</coordinates></Point>"
,219,0,0,unknown_control,0,116.509061,39.815637,"<Point><coordinates>116.509061,39.815637</coordinates></Point>"
,220,0,0,unknown_control,0,116.508905,39.815564,"<Point><coordinates>116.508905,39.815564</coordinates></Point>"
,221,0,0,unknown_control,0,116.511567,39.812561,"<Point><coordinates>116.511567,39.812561</coordinates></Point>"
,222,0,0,unknown_control,0,116.513533,39.810962,"<Point><coordinates>116.513533,39.810962</coordinates></Point>"
,223,0,0,unknown_control,0,116.517798,39.807083,"<Point><coordinates>116.517798,39.807083</coordinates></Point>"
,224,0,0,unknown_control,0,116.546620,39.807761,"<Point><coordinates>116.546620,39.807761</coordinates></Point>"
,225,0,0,unknown_control,0,116.526601,39.819305,"<Point><coordinates>116.526601,39.819305</coordinates></Point>"
,226,0,0,unknown_control,0,116.537549,39.795185,"<Point><coordinates>116.537549,39.795185</coordinates></Point>"
,227,0,0,unknown_control,0,116.542897,39.789217,"<Point><coordinates>116.542897,39.789217</coordinates></Point>"
,228,0,0,unknown_control,0,116.566062,39.772255,"<Point><coordinates>116.566062,39.772255</coordinates></Point>"
,229,0,0,unknown_control,0,116.565776,39.772225,"<Point><coordinates>116.565776,39.772225</coordinates></Point>"
,230,0,0,unknown_control,0,116.560987,39.771969,"<Point><coordinates>116.560987,39.771969</coordinates></Point>"
,231,0,0,unknown_control,0,116.565785,39.772109,"<Point><coordinates>116.565785,39.772109</coordinates></Point>"
,232,0,0,unknown_control,0,116.560992,39.771884,"<Point><coordinates>116.560992,39.771884</coordinates></Point>"
,233,0,0,unknown_control,0,116.567364,39.788245,"<Point><coordinates>116.567364,39.788245</coordinates></Point>"
,234,0,0,unknown_control,0,116.567348,39.788425,"<Point><coordinates>116.567348,39.788425</coordinates></Point>"
,235,0,0,unknown_control,0,116.566976,39.792334,"<Point><coordinates>116.566976,39.792334</coordinates></Point>"
,236,0,0,unknown_control,0,116.565985,39.799467,"<Point><coordinates>116.565985,39.799467</coordinates></Point>"
,237,0,0,unknown_control,0,116.546334,39.778219,"<Point><coordinates>116.546334,39.778219</coordinates></Point>"
,238,0,0,unknown_control,0,116.540260,39.783595,"<Point><coordinates>116.540260,39.783595</coordinates></Point>"
,239,0,0,unknown_control,0,116.536778,39.763245,"<Point><coordinates>116.536778,39.763245</coordinates></Point>"
,240,0,0,unknown_control,0,116.521814,39.766298,"<Point><coordinates>116.521814,39.766298</coordinates></Point>"
,241,0,0,unknown_control,0,116.518228,39.769023,"<Point><coordinates>116.518228,39.769023</coordinates></Point>"
,242,0,0,unknown_control,0,116.512456,39.776225,"<Point><coordinates>116.512456,39.776225</coordinates></Point>"
,243,0,0,unknown_control,0,116.511094,39.772813,"<Point><coordinates>116.511094,39.772813</coordinates></Point>"
,244,0,0,unknown_control,0,116.514620,39.771359,"<Point><coordinates>116.514620,39.771359</coordinates></Point>"
,245,0,0,unknown_control,0,116.531070,39.792099,"<Point><coordinates>116.531070,39.792099</coordinates></Point>"
,246,0,0,unknown_control,0,116.530121,39.770332,"<Point><coordinates>116.530121,39.770332</coordinates></Point>"
,247,0,0,unknown_control,0,116.533349,39.766923,"<Point><coordinates>116.533349,39.766923</coordinates></Point>"
,248,0,0,unknown_control,0,116.525911,39.774869,"<Point><coordinates>116.525911,39.774869</coordinates></Point>"
,249,0,0,unknown_control,0,116.521122,39.771235,"<Point><coordinates>116.521122,39.771235</coordinates></Point>"
,250,0,0,unknown_control,0,116.523348,39.772888,"<Point><coordinates>116.523348,39.772888</coordinates></Point>"
,251,0,0,unknown_control,0,116.538637,39.761468,"<Point><coordinates>116.538637,39.761468</coordinates></Point>"
,252,0,0,unknown_control,0,116.534110,39.789364,"<Point><coordinates>116.534110,39.789364</coordinates></Point>"
,253,0,0,unknown_control,0,116.534262,39.789205,"<Point><coordinates>116.534262,39.789205</coordinates></Point>"
,254,0,0,unknown_control,0,116.540053,39.783496,"<Point><coordinates>116.540053,39.783496</coordinates></Point>"
,255,0,0,unknown_control,0,116.543057,39.781019,"<Point><coordinates>116.543057,39.781019</coordinates></Point>"
,256,0,0,unknown_control,0,116.552429,39.770758,"<Point><coordinates>116.552429,39.770758</coordinates></Point>"
,257,0,0,unknown_control,0,116.552588,39.770822,"<Point><coordinates>116.552588,39.770822</coordinates></Point>"
,258,0,0,unknown_control,0,116.514225,39.779119,"<Point><coordinates>116.514225,39.779119</coordinates></Point>"
,259,0,0,unknown_control,0,116.514395,39.779270,"<Point><coordinates>116.514395,39.779270</coordinates></Point>"
,260,0,0,unknown_control,0,116.513379,39.779324,"<Point><coordinates>116.513379,39.779324</coordinates></Point>"
,261,0,0,unknown_control,0,116.513354,39.779530,"<Point><coordinates>116.513354,39.779530</coordinates></Point>"
,262,0,0,unknown_control,0,116.514190,39.779830,"<Point><coordinates>116.514190,39.779830</coordinates></Point>"
,263,0,0,unknown_control,0,116.513834,39.779888,"<Point><coordinates>116.513834,39.779888</coordinates></Point>"
,264,0,0,unknown_control,0,116.513717,39.779938,"<Point><coordinates>116.513717,39.779938</coordinates></Point>"
,265,0,0,unknown_control,0,116.516967,39.780806,"<Point><coordinates>116.516967,39.780806</coordinates></Point>"
,266,0,0,unknown_control,0,116.516757,39.781018,"<Point><coordinates>116.516757,39.781018</coordinates></Point>"
,267,0,0,unknown_control,0,116.516823,39.781050,"<Point><coordinates>116.516823,39.781050</coordinates></Point>"
,268,0,0,unknown_control,0,116.516371,39.781541,"<Point><coordinates>116.516371,39.781541</coordinates></Point>"
,269,0,0,unknown_control,0,116.513486,39.783509,"<Point><coordinates>116.513486,39.783509</coordinates></Point>"
,270,0,0,unknown_control,0,116.514444,39.783944,"<Point><coordinates>116.514444,39.783944</coordinates></Point>"
,271,0,0,unknown_control,0,116.514404,39.783996,"<Point><coordinates>116.514404,39.783996</coordinates></Point>"
,272,0,0,unknown_control,0,116.515370,39.784424,"<Point><coordinates>116.515370,39.784424</coordinates></Point>"
,273,0,0,unknown_control,0,116.517678,39.785535,"<Point><coordinates>116.517678,39.785535</coordinates></Point>"
,274,0,0,unknown_control,0,116.518286,39.785808,"<Point><coordinates>116.518286,39.785808</coordinates></Point>"
,275,0,0,unknown_control,0,116.518240,39.785855,"<Point><coordinates>116.518240,39.785855</coordinates></Point>"
,276,0,0,unknown_control,0,116.518417,39.785877,"<Point><coordinates>116.518417,39.785877</coordinates></Point>"
,277,0,0,unknown_control,0,116.518377,39.785926,"<Point><coordinates>116.518377,39.785926</coordinates></Point>"
,278,0,0,unknown_control,0,116.519280,39.786311,"<Point><coordinates>116.519280,39.786311</coordinates></Point>"
,279,0,0,unknown_control,0,116.512501,39.786321,"<Point><coordinates>116.512501,39.786321</coordinates></Point>"
,280,0,0,unknown_control,0,116.511889,39.786994,"<Point><coordinates>116.511889,39.786994</coordinates></Point>"
,281,0,0,unknown_control,0,116.511973,39.787035,"<Point><coordinates>116.511973,39.787035</coordinates></Point>"
,282,0,0,unknown_control,0,116.511381,39.787697,"<Point><coordinates>116.511381,39.787697</coordinates></Point>"
,283,0,0,unknown_control,0,116.509456,39.790072,"<Point><coordinates>116.509456,39.790072</coordinates></Point>"
,284,0,0,unknown_control,0,116.504111,39.791669,"<Point><coordinates>116.504111,39.791669</coordinates></Point>"
,285,0,0,unknown_control,0,116.513326,39.791948,"<Point><coordinates>116.513326,39.791948</coordinates></Point>"
,286,0,0,unknown_control,0,116.507599,39.792339,"<Point><coordinates>116.507599,39.792339</coordinates></Point>"
,287,0,0,unknown_control,0,116.513436,39.792002,"<Point><coordinates>116.513436,39.792002</coordinates></Point>"
,288,0,0,unknown_control,0,116.478415,39.792710,"<Point><coordinates>116.478415,39.792710</coordinates></Point>"
,289,0,0,unknown_control,0,116.506964,39.793059,"<Point><coordinates>116.506964,39.793059</coordinates></Point>"
,290,0,0,unknown_control,0,116.506963,39.793176,"<Point><coordinates>116.506963,39.793176</coordinates></Point>"
,291,0,0,unknown_control,0,116.507031,39.793091,"<Point><coordinates>116.507031,39.793091</coordinates></Point>"
,292,0,0,unknown_control,0,116.506895,39.793143,"<Point><coordinates>116.506895,39.793143</coordinates></Point>"
,293,0,0,unknown_control,0,116.506408,39.793805,"<Point><coordinates>116.506408,39.793805</coordinates></Point>"
,294,0,0,unknown_control,0,116.510876,39.794957,"<Point><coordinates>116.510876,39.794957</coordinates></Point>"
,295,0,0,unknown_control,0,116.510996,39.795015,"<Point><coordinates>116.510996,39.795015</coordinates></Point>"
,296,0,0,unknown_control,0,116.494714,39.796114,"<Point><coordinates>116.494714,39.796114</coordinates></Point>"
,297,0,0,unknown_control,0,116.504352,39.796324,"<Point><coordinates>116.504352,39.796324</coordinates></Point>"
,298,0,0,unknown_control,0,116.487552,39.797132,"<Point><coordinates>116.487552,39.797132</coordinates></Point>"
,299,0,0,unknown_control,0,116.492657,39.798631,"<Point><coordinates>116.492657,39.798631</coordinates></Point>"
,300,0,0,unknown_control,0,116.473459,39.799061,"<Point><coordinates>116.473459,39.799061</coordinates></Point>"
,301,0,0,unknown_control,0,116.474504,39.799076,"<Point><coordinates>116.474504,39.799076</coordinates></Point>"
,302,0,0,unknown_control,0,116.474648,39.799146,"<Point><coordinates>116.474648,39.799146</coordinates></Point>"
,303,0,0,unknown_control,0,116.492070,39.799310,"<Point><coordinates>116.492070,39.799310</coordinates></Point>"
,304,0,0,unknown_control,0,116.492133,39.799340,"<Point><coordinates>116.492133,39.799340</coordinates></Point>"
,305,0,0,unknown_control,0,116.501738,39.799529,"<Point><coordinates>116.501738,39.799529</coordinates></Point>"
,306,0,0,unknown_control,0,116.479585,39.799839,"<Point><coordinates>116.479585,39.799839</coordinates></Point>"
,307,0,0,unknown_control,0,116.491551,39.800013,"<Point><coordinates>116.491551,39.800013</coordinates></Point>"
,308,0,0,unknown_control,0,116.484728,39.800620,"<Point><coordinates>116.484728,39.800620</coordinates></Point>"
,309,0,0,unknown_control,0,116.478857,39.800697,"<Point><coordinates>116.478857,39.800697</coordinates></Point>"
,310,0,0,unknown_control,0,116.473389,39.800728,"<Point><coordinates>116.473389,39.800728</coordinates></Point>"
,311,0,0,unknown_control,0,116.495161,39.800800,"<Point><coordinates>116.495161,39.800800</coordinates></Point>"
,312,0,0,unknown_control,0,116.496075,39.801209,"<Point><coordinates>116.496075,39.801209</coordinates></Point>"
,313,0,0,unknown_control,0,116.496033,39.801260,"<Point><coordinates>116.496033,39.801260</coordinates></Point>"
,314,0,0,unknown_control,0,116.496266,39.801302,"<Point><coordinates>116.496266,39.801302</coordinates></Point>"
,315,0,0,unknown_control,0,116.496224,39.801353,"<Point><coordinates>116.496224,39.801353</coordinates></Point>"
,316,0,0,unknown_control,0,116.478266,39.801429,"<Point><coordinates>116.478266,39.801429</coordinates></Point>"
,317,0,0,unknown_control,0,116.497117,39.801742,"<Point><coordinates>116.497117,39.801742</coordinates></Point>"
,318,0,0,unknown_control,0,116.489357,39.802663,"<Point><coordinates>116.489357,39.802663</coordinates></Point>"
,319,0,0,unknown_control,0,116.499127,39.802728,"<Point><coordinates>116.499127,39.802728</coordinates></Point>"
,320,0,0,unknown_control,0,116.481952,39.803938,"<Point><coordinates>116.481952,39.803938</coordinates></Point>"
,321,0,0,unknown_control,0,116.482101,39.803999,"<Point><coordinates>116.482101,39.803999</coordinates></Point>"
,322,0,0,unknown_control,0,116.493614,39.804556,"<Point><coordinates>116.493614,39.804556</coordinates></Point>"
,323,0,0,unknown_control,0,116.509567,39.807776,"<Point><coordinates>116.509567,39.807776</coordinates></Point>"
,324,0,0,unknown_control,0,116.490680,39.807827,"<Point><coordinates>116.490680,39.807827</coordinates></Point>"
,325,0,0,unknown_control,0,116.540908,39.808539,"<Point><coordinates>116.540908,39.808539</coordinates></Point>"
,326,0,0,unknown_control,0,116.548539,39.775581,"<Point><coordinates>116.548539,39.775581</coordinates></Point>"
,327,0,0,unknown_control,0,116.474455,39.799116,"<Point><coordinates>116.474455,39.799116</coordinates></Point>"
,328,0,0,unknown_control,0,116.548724,39.775685,"<Point><coordinates>116.548724,39.775685</coordinates></Point>"
,329,0,0,unknown_control,0,116.478717,39.799714,"<Point><coordinates>116.478717,39.799714</coordinates></Point>"
,330,0,0,unknown_control,0,116.475382,39.797855,"<Point><coordinates>116.475382,39.797855</coordinates></Point>"
,331,0,0,unknown_control,0,116.475285,39.797823,"<Point><coordinates>116.475285,39.797823</coordinates></Point>"
,332,0,0,unknown_control,0,116.498346,39.806706,"<Point><coordinates>116.498346,39.806706</coordinates></Point>"
,333,0,0,unknown_control,0,116.495685,39.810057,"<Point><coordinates>116.495685,39.810057</coordinates></Point>"
,334,0,0,unknown_control,0,116.518200,39.764200,"<Point><coordinates>116.518200,39.764200</coordinates></Point>"
,335,0,0,unknown_control,0,116.501452,39.794932,"<Point><coordinates>116.501452,39.794932</coordinates></Point>"
,336,0,0,unknown_control,0,116.501264,39.794837,"<Point><coordinates>116.501264,39.794837</coordinates></Point>"
,337,0,0,unknown_control,0,116.517546,39.761761,"<Point><coordinates>116.517546,39.761761</coordinates></Point>"
,338,0,0,unknown_control,0,116.559888,39.781101,"<Point><coordinates>116.559888,39.781101</coordinates></Point>"
,339,0,0,unknown_control,0,116.565714,39.774579,"<Point><coordinates>116.565714,39.774579</coordinates></Point>"
,340,0,0,unknown_control,0,116.498821,39.776531,"<Point><coordinates>116.498821,39.776531</coordinates></Point>"
,341,0,0,unknown_control,0,116.511303,39.782469,"<Point><coordinates>116.511303,39.782469</coordinates></Point>"
,342,0,0,unknown_control,0,116.531643,39.813514,"<Point><coordinates>116.531643,39.813514</coordinates></Point>"
,343,0,0,unknown_control,0,116.539039,39.816869,"<Point><coordinates>116.539039,39.816869</coordinates></Point>"
,344,0,0,unknown_control,0,116.538932,39.816997,"<Point><coordinates>116.538932,39.816997</coordinates></Point>"
,345,0,0,unknown_control,0,116.531499,39.813724,"<Point><coordinates>116.531499,39.813724</coordinates></Point>"
,346,0,0,unknown_control,0,116.571078,39.786720,"<Point><coordinates>116.571078,39.786720</coordinates></Point>"
,347,0,0,unknown_control,0,116.580563,39.775173,"<Point><coordinates>116.580563,39.775173</coordinates></Point>"
,348,0,0,unknown_control,0,116.559667,39.780994,"<Point><coordinates>116.559667,39.780994</coordinates></Point>"
,349,0,0,unknown_control,0,116.570674,39.790532,"<Point><coordinates>116.570674,39.790532</coordinates></Point>"
,350,0,0,unknown_control,0,116.565417,39.774497,"<Point><coordinates>116.565417,39.774497</coordinates></Point>"
,351,0,0,unknown_control,0,116.568766,39.775195,"<Point><coordinates>116.568766,39.775195</coordinates></Point>"
,352,0,0,unknown_control,0,116.558463,39.788265,"<Point><coordinates>116.558463,39.788265</coordinates></Point>"
,353,0,0,unknown_control,0,116.550714,39.773039,"<Point><coordinates>116.550714,39.773039</coordinates></Point>"
,354,0,0,unknown_control,0,116.550876,39.773113,"<Point><coordinates>116.550876,39.773113</coordinates></Point>"
,355,0,0,unknown_control,0,116.503912,39.791560,"<Point><coordinates>116.503912,39.791560</coordinates></Point>"
,356,0,0,unknown_control,0,116.561965,39.778469,"<Point><coordinates>116.561965,39.778469</coordinates></Point>"
,357,0,0,unknown_control,0,116.562207,39.778588,"<Point><coordinates>116.562207,39.778588</coordinates></Point>"
,358,0,0,unknown_control,0,116.538726,39.761568,"<Point><coordinates>116.538726,39.761568</coordinates></Point>"
,359,0,0,unknown_control,0,116.498792,39.776626,"<Point><coordinates>116.498792,39.776626</coordinates></Point>"
,360,0,0,unknown_control,0,116.527933,39.780915,"<Point><coordinates>116.527933,39.780915</coordinates></Point>"
,361,0,0,unknown_control,0,116.531543,39.782731,"<Point><coordinates>116.531543,39.782731</coordinates></Point>"
,362,0,0,unknown_control,0,116.504178,39.783246,"<Point><coordinates>116.504178,39.783246</coordinates></Point>"
,363,0,0,unknown_control,0,116.501318,39.783858,"<Point><coordinates>116.501318,39.783858</coordinates></Point>"
,364,0,0,unknown_control,0,116.492110,39.784444,"<Point><coordinates>116.492110,39.784444</coordinates></Point>"
,365,0,0,unknown_control,0,116.498096,39.784564,"<Point><coordinates>116.498096,39.784564</coordinates></Point>"
,366,0,0,unknown_control,0,116.524935,39.784664,"<Point><coordinates>116.524935,39.784664</coordinates></Point>"
,367,0,0,unknown_control,0,116.524742,39.784889,"<Point><coordinates>116.524742,39.784889</coordinates></Point>"
,368,0,0,unknown_control,0,116.508669,39.785455,"<Point><coordinates>116.508669,39.785455</coordinates></Point>"
,369,0,0,unknown_control,0,116.491273,39.785452,"<Point><coordinates>116.491273,39.785452</coordinates></Point>"
,370,0,0,unknown_control,0,116.496483,39.786519,"<Point><coordinates>116.496483,39.786519</coordinates></Point>"
,371,0,0,unknown_control,0,116.502403,39.786686,"<Point><coordinates>116.502403,39.786686</coordinates></Point>"
,372,0,0,unknown_control,0,116.495609,39.787552,"<Point><coordinates>116.495609,39.787552</coordinates></Point>"
,373,0,0,unknown_control,0,116.522339,39.787798,"<Point><coordinates>116.522339,39.787798</coordinates></Point>"
,374,0,0,unknown_control,0,116.506357,39.788574,"<Point><coordinates>116.506357,39.788574</coordinates></Point>"
,375,0,0,unknown_control,0,116.506554,39.788668,"<Point><coordinates>116.506554,39.788668</coordinates></Point>"
,376,0,0,unknown_control,0,116.488637,39.788711,"<Point><coordinates>116.488637,39.788711</coordinates></Point>"
,377,0,0,unknown_control,0,116.494477,39.788947,"<Point><coordinates>116.494477,39.788947</coordinates></Point>"
,378,0,0,unknown_control,0,116.499955,39.789670,"<Point><coordinates>116.499955,39.789670</coordinates></Point>"
,379,0,0,unknown_control,0,116.519868,39.790884,"<Point><coordinates>116.519868,39.790884</coordinates></Point>"
,380,0,0,unknown_control,0,116.498836,39.791058,"<Point><coordinates>116.498836,39.791058</coordinates></Point>"
,381,0,0,unknown_control,0,116.497339,39.792909,"<Point><coordinates>116.497339,39.792909</coordinates></Point>"
,382,0,0,unknown_control,0,116.493832,39.793454,"<Point><coordinates>116.493832,39.793454</coordinates></Point>"
,383,0,0,unknown_control,0,116.534493,39.793678,"<Point><coordinates>116.534493,39.793678</coordinates></Point>"
,384,0,0,unknown_control,0,116.517447,39.793934,"<Point><coordinates>116.517447,39.793934</coordinates></Point>"
,385,0,0,unknown_control,0,116.486801,39.794576,"<Point><coordinates>116.486801,39.794576</coordinates></Point>"
,386,0,0,unknown_control,0,116.510806,39.795034,"<Point><coordinates>116.510806,39.795034</coordinates></Point>"
,387,0,0,unknown_control,0,116.510929,39.795096,"<Point><coordinates>116.510929,39.795096</coordinates></Point>"
,388,0,0,unknown_control,0,116.528895,39.795251,"<Point><coordinates>116.528895,39.795251</coordinates></Point>"
,389,0,0,unknown_control,0,116.479271,39.796634,"<Point><coordinates>116.479271,39.796634</coordinates></Point>"
,390,0,0,unknown_control,0,116.514971,39.796907,"<Point><coordinates>116.514971,39.796907</coordinates></Point>"
,391,0,0,unknown_control,0,116.514879,39.797016,"<Point><coordinates>116.514879,39.797016</coordinates></Point>"
,392,0,0,unknown_control,0,116.481549,39.797350,"<Point><coordinates>116.481549,39.797350</coordinates></Point>"
,393,0,0,unknown_control,0,116.508228,39.798201,"<Point><coordinates>116.508228,39.798201</coordinates></Point>"
,394,0,0,unknown_control,0,116.508335,39.798252,"<Point><coordinates>116.508335,39.798252</coordinates></Point>"
,395,0,0,unknown_control,0,116.518652,39.798696,"<Point><coordinates>116.518652,39.798696</coordinates></Point>"
,396,0,0,unknown_control,0,116.518588,39.798780,"<Point><coordinates>116.518588,39.798780</coordinates></Point>"
,397,0,0,unknown_control,0,116.512193,39.800107,"<Point><coordinates>116.512193,39.800107</coordinates></Point>"
,398,0,0,unknown_control,0,116.524243,39.801373,"<Point><coordinates>116.524243,39.801373</coordinates></Point>"
,399,0,0,unknown_control,0,116.505633,39.801411,"<Point><coordinates>116.505633,39.801411</coordinates></Point>"
,400,0,0,unknown_control,0,116.505713,39.801449,"<Point><coordinates>116.505713,39.801449</coordinates></Point>"
,401,0,0,unknown_control,0,116.524145,39.801501,"<Point><coordinates>116.524145,39.801501</coordinates></Point>"
,402,0,0,unknown_control,0,116.509458,39.803259,"<Point><coordinates>116.509458,39.803259</coordinates></Point>"
,403,0,0,unknown_control,0,116.503031,39.804616,"<Point><coordinates>116.503031,39.804616</coordinates></Point>"
,404,0,0,unknown_control,0,116.503124,39.804661,"<Point><coordinates>116.503124,39.804661</coordinates></Point>"
,405,0,0,unknown_control,0,116.507245,39.806653,"<Point><coordinates>116.507245,39.806653</coordinates></Point>"
,406,0,0,unknown_control,0,116.500561,39.807645,"<Point><coordinates>116.500561,39.807645</coordinates></Point>"
,407,0,0,unknown_control,0,116.500666,39.807692,"<Point><coordinates>116.500666,39.807692</coordinates></Point>"
,408,0,0,unknown_control,0,116.505122,39.809673,"<Point><coordinates>116.505122,39.809673</coordinates></Point>"
,409,0,0,unknown_control,0,116.504962,39.811172,"<Point><coordinates>116.504962,39.811172</coordinates></Point>"
,410,0,0,unknown_control,0,116.539292,39.804290,"<Point><coordinates>116.539292,39.804290</coordinates></Point>"
,411,0,0,unknown_control,0,116.537161,39.806871,"<Point><coordinates>116.537161,39.806871</coordinates></Point>"
,412,0,0,unknown_control,0,116.539061,39.804175,"<Point><coordinates>116.539061,39.804175</coordinates></Point>"
,413,0,0,unknown_control,0,116.536889,39.806771,"<Point><coordinates>116.536889,39.806771</coordinates></Point>"
,414,0,0,unknown_control,0,116.536753,39.806930,"<Point><coordinates>116.536753,39.806930</coordinates></Point>"
,415,0,0,unknown_control,0,116.545336,39.803164,"<Point><coordinates>116.545336,39.803164</coordinates></Point>"
,416,0,0,unknown_control,0,116.543136,39.793488,"<Point><coordinates>116.543136,39.793488</coordinates></Point>"
,417,0,0,unknown_control,0,116.541687,39.801442,"<Point><coordinates>116.541687,39.801442</coordinates></Point>"
,418,0,0,unknown_control,0,116.542980,39.793654,"<Point><coordinates>116.542980,39.793654</coordinates></Point>"
,419,0,0,unknown_control,0,116.557137,39.800289,"<Point><coordinates>116.557137,39.800289</coordinates></Point>"
,420,0,0,unknown_control,0,116.557020,39.800417,"<Point><coordinates>116.557020,39.800417</coordinates></Point>"
,421,0,0,unknown_control,0,116.560712,39.774279,"<Point><coordinates>116.560712,39.774279</coordinates></Point>"
,422,0,0,unknown_control,0,116.493420,39.804469,"<Point><coordinates>116.493420,39.804469</coordinates></Point>"
,423,0,0,unknown_control,0,116.558512,39.776791,"<Point><coordinates>116.558512,39.776791</coordinates></Point>"
,424,0,0,unknown_control,0,116.556161,39.779314,"<Point><coordinates>116.556161,39.779314</coordinates></Point>"
,425,0,0,unknown_control,0,116.528729,39.795180,"<Point><coordinates>116.528729,39.795180</coordinates></Point>"
,426,0,0,unknown_control,0,116.564452,39.776089,"<Point><coordinates>116.564452,39.776089</coordinates></Point>"
,427,0,0,unknown_control,0,116.564251,39.776000,"<Point><coordinates>116.564251,39.776000</coordinates></Point>"
,428,0,0,unknown_control,0,116.554723,39.774970,"<Point><coordinates>116.554723,39.774970</coordinates></Point>"
,429,0,0,unknown_control,0,116.554881,39.775047,"<Point><coordinates>116.554881,39.775047</coordinates></Point>"
,430,0,0,unknown_control,0,116.552653,39.777601,"<Point><coordinates>116.552653,39.777601</coordinates></Point>"
,431,0,0,unknown_control,0,116.552776,39.777661,"<Point><coordinates>116.552776,39.777661</coordinates></Point>"
,432,0,0,unknown_control,0,116.557330,39.771684,"<Point><coordinates>116.557330,39.771684</coordinates></Point>"
,433,0,0,unknown_control,0,116.557511,39.771803,"<Point><coordinates>116.557511,39.771803</coordinates></Point>"
,434,0,0,unknown_control,0,116.557309,39.771791,"<Point><coordinates>116.557309,39.771791</coordinates></Point>"
,435,0,0,unknown_control,0,116.503818,39.791676,"<Point><coordinates>116.503818,39.791676</coordinates></Point>"
,436,0,0,unknown_control,0,116.499877,39.789767,"<Point><coordinates>116.499877,39.789767</coordinates></Point>"
,437,0,0,unknown_control,0,116.495525,39.787655,"<Point><coordinates>116.495525,39.787655</coordinates></Point>"
,438,0,0,unknown_control,0,116.491191,39.785554,"<Point><coordinates>116.491191,39.785554</coordinates></Point>"
,439,0,0,unknown_control,0,116.486778,39.783401,"<Point><coordinates>116.486778,39.783401</coordinates></Point>"
,440,0,0,unknown_control,0,116.486641,39.783342,"<Point><coordinates>116.486641,39.783342</coordinates></Point>"
,441,0,0,unknown_control,0,116.483778,39.781961,"<Point><coordinates>116.483778,39.781961</coordinates></Point>"
,442,0,0,unknown_control,0,116.566073,39.772132,"<Point><coordinates>116.566073,39.772132</coordinates></Point>"
,443,0,0,unknown_control,0,116.569063,39.772285,"<Point><coordinates>116.569063,39.772285</coordinates></Point>"
,444,0,0,unknown_control,0,116.580608,39.775062,"<Point><coordinates>116.580608,39.775062</coordinates></Point>"
,445,0,0,unknown_control,0,116.562535,39.775183,"<Point><coordinates>116.562535,39.775183</coordinates></Point>"
,446,0,0,unknown_control,0,116.560271,39.777663,"<Point><coordinates>116.560271,39.777663</coordinates></Point>"
,447,0,0,unknown_control,0,116.551999,39.789293,"<Point><coordinates>116.551999,39.789293</coordinates></Point>"
,448,0,0,unknown_control,0,116.552233,39.789423,"<Point><coordinates>116.552233,39.789423</coordinates></Point>"
,449,0,0,unknown_control,0,116.562515,39.794449,"<Point><coordinates>116.562515,39.794449</coordinates></Point>"
,450,0,0,unknown_control,0,116.562446,39.794525,"<Point><coordinates>116.562446,39.794525</coordinates></Point>"
,451,0,0,unknown_control,0,116.534862,39.762200,"<Point><coordinates>116.534862,39.762200</coordinates></Point>"
,452,0,0,unknown_control,0,116.534482,39.762215,"<Point><coordinates>116.534482,39.762215</coordinates></Point>"
,453,0,0,unknown_control,0,116.531809,39.762418,"<Point><coordinates>116.531809,39.762418</coordinates></Point>"
,454,0,0,unknown_control,0,116.532095,39.762420,"<Point><coordinates>116.532095,39.762420</coordinates></Point>"
,455,0,0,unknown_control,0,116.530069,39.763079,"<Point><coordinates>116.530069,39.763079</coordinates></Point>"
,456,0,0,unknown_control,0,116.536685,39.763343,"<Point><coordinates>116.536685,39.763343</coordinates></Point>"
,457,0,0,unknown_control,0,116.529607,39.763392,"<Point><coordinates>116.529607,39.763392</coordinates></Point>"
,458,0,0,unknown_control,0,116.536911,39.763492,"<Point><coordinates>116.536911,39.763492</coordinates></Point>"
,459,0,0,unknown_control,0,116.528699,39.763741,"<Point><coordinates>116.528699,39.763741</coordinates></Point>"
,460,0,0,unknown_control,0,116.537796,39.764041,"<Point><coordinates>116.537796,39.764041</coordinates></Point>"
,461,0,0,unknown_control,0,116.527698,39.764124,"<Point><coordinates>116.527698,39.764124</coordinates></Point>"
,462,0,0,unknown_control,0,116.538179,39.764134,"<Point><coordinates>116.538179,39.764134</coordinates></Point>"
,463,0,0,unknown_control,0,116.527356,39.764136,"<Point><coordinates>116.527356,39.764136</coordinates></Point>"
,464,0,0,unknown_control,0,116.538601,39.764540,"<Point><coordinates>116.538601,39.764540</coordinates></Point>"
,465,0,0,unknown_control,0,116.525586,39.764813,"<Point><coordinates>116.525586,39.764813</coordinates></Point>"
,466,0,0,unknown_control,0,116.525409,39.765001,"<Point><coordinates>116.525409,39.765001</coordinates></Point>"
,467,0,0,unknown_control,0,116.539468,39.765097,"<Point><coordinates>116.539468,39.765097</coordinates></Point>"
,468,0,0,unknown_control,0,116.539823,39.765202,"<Point><coordinates>116.539823,39.765202</coordinates></Point>"
,469,0,0,unknown_control,0,116.524449,39.765369,"<Point><coordinates>116.524449,39.765369</coordinates></Point>"
,470,0,0,unknown_control,0,116.524080,39.765408,"<Point><coordinates>116.524080,39.765408</coordinates></Point>"
,471,0,0,unknown_control,0,116.523332,39.765682,"<Point><coordinates>116.523332,39.765682</coordinates></Point>"
,472,0,0,unknown_control,0,116.523100,39.765885,"<Point><coordinates>116.523100,39.765885</coordinates></Point>"
,473,0,0,unknown_control,0,116.521952,39.766365,"<Point><coordinates>116.521952,39.766365</coordinates></Point>"
,474,0,0,unknown_control,0,116.541774,39.766580,"<Point><coordinates>116.541774,39.766580</coordinates></Point>"
,475,0,0,unknown_control,0,116.543386,39.766962,"<Point><coordinates>116.543386,39.766962</coordinates></Point>"
,476,0,0,unknown_control,0,116.543111,39.766985,"<Point><coordinates>116.543111,39.766985</coordinates></Point>"
,477,0,0,unknown_control,0,116.498714,39.776566,"<Point><coordinates>116.498714,39.776566</coordinates></Point>"
,478,0,0,unknown_control,0,116.518309,39.769084,"<Point><coordinates>116.518309,39.769084</coordinates></Point>"
,479,0,0,unknown_control,0,116.514653,39.771435,"<Point><coordinates>116.514653,39.771435</coordinates></Point>"
,480,0,0,unknown_control,0,116.511299,39.772983,"<Point><coordinates>116.511299,39.772983</coordinates></Point>"
,481,0,0,unknown_control,0,116.511178,39.773035,"<Point><coordinates>116.511178,39.773035</coordinates></Point>"
,482,0,0,unknown_control,0,116.524976,39.774146,"<Point><coordinates>116.524976,39.774146</coordinates></Point>"
,483,0,0,unknown_control,0,116.507513,39.774423,"<Point><coordinates>116.507513,39.774423</coordinates></Point>"
,484,0,0,unknown_control,0,116.502087,39.775848,"<Point><coordinates>116.502087,39.775848</coordinates></Point>"
,485,0,0,unknown_control,0,116.498821,39.776704,"<Point><coordinates>116.498821,39.776704</coordinates></Point>"
,486,0,0,unknown_control,0,116.533199,39.776870,"<Point><coordinates>116.533199,39.776870</coordinates></Point>"
,487,0,0,unknown_control,0,116.495546,39.777572,"<Point><coordinates>116.495546,39.777572</coordinates></Point>"
,488,0,0,unknown_control,0,116.525943,39.779997,"<Point><coordinates>116.525943,39.779997</coordinates></Point>"
,489,0,0,unknown_control,0,116.559809,39.797381,"<Point><coordinates>116.559809,39.797381</coordinates></Point>"
,490,0,0,unknown_control,0,116.529323,39.781618,"<Point><coordinates>116.529323,39.781618</coordinates></Point>"
,491,0,0,unknown_control,0,116.522923,39.783693,"<Point><coordinates>116.522923,39.783693</coordinates></Point>"
,492,0,0,unknown_control,0,116.515432,39.792964,"<Point><coordinates>116.515432,39.792964</coordinates></Point>"
,493,0,0,unknown_control,0,116.512986,39.795969,"<Point><coordinates>116.512986,39.795969</coordinates></Point>"
,494,0,0,unknown_control,0,116.513940,39.800946,"<Point><coordinates>116.513940,39.800946</coordinates></Point>"
,495,0,0,unknown_control,0,116.511139,39.804071,"<Point><coordinates>116.511139,39.804071</coordinates></Point>"
,496,0,0,unknown_control,0,116.508340,39.807183,"<Point><coordinates>116.508340,39.807183</coordinates></Point>"
,497,0,0,unknown_control,0,116.562894,39.798875,"<Point><coordinates>116.562894,39.798875</coordinates></Point>"
,498,0,0,unknown_control,0,116.548494,39.787662,"<Point><coordinates>116.548494,39.787662</coordinates></Point>"
,499,0,0,unknown_control,0,116.543443,39.780974,"<Point><coordinates>116.543443,39.780974</coordinates></Point>"
,500,0,0,unknown_control,0,116.554862,39.786565,"<Point><coordinates>116.554862,39.786565</coordinates></Point>"
,501,0,0,unknown_control,0,116.543268,39.780861,"<Point><coordinates>116.543268,39.780861</coordinates></Point>"
,502,0,0,unknown_control,0,116.545753,39.790599,"<Point><coordinates>116.545753,39.790599</coordinates></Point>"
,503,0,0,unknown_control,0,116.551164,39.784747,"<Point><coordinates>116.551164,39.784747</coordinates></Point>"
,504,0,0,unknown_control,0,116.554646,39.786453,"<Point><coordinates>116.554646,39.786453</coordinates></Point>"
,505,0,0,unknown_control,0,116.549498,39.792394,"<Point><coordinates>116.549498,39.792394</coordinates></Point>"
,506,0,0,unknown_control,0,116.549242,39.792288,"<Point><coordinates>116.549242,39.792288</coordinates></Point>"
,507,0,0,unknown_control,0,116.543953,39.798335,"<Point><coordinates>116.543953,39.798335</coordinates></Point>"
,508,0,0,unknown_control,0,116.531273,39.792202,"<Point><coordinates>116.531273,39.792202</coordinates></Point>"
,509,0,0,unknown_control,0,116.541416,39.801323,"<Point><coordinates>116.541416,39.801323</coordinates></Point>"
,510,0,0,unknown_control,0,116.531817,39.796642,"<Point><coordinates>116.531817,39.796642</coordinates></Point>"
,511,0,0,unknown_control,0,116.537983,39.799607,"<Point><coordinates>116.537983,39.799607</coordinates></Point>"
,512,0,0,unknown_control,0,116.523218,39.817753,"<Point><coordinates>116.523218,39.817753</coordinates></Point>"
,513,0,0,unknown_control,0,116.521453,39.819841,"<Point><coordinates>116.521453,39.819841</coordinates></Point>"
,514,0,0,unknown_control,0,116.514468,39.816706,"<Point><coordinates>116.514468,39.816706</coordinates></Point>"
,515,0,0,unknown_control,0,116.528061,39.811967,"<Point><coordinates>116.528061,39.811967</coordinates></Point>"
,516,0,0,unknown_control,0,116.520380,39.816484,"<Point><coordinates>116.520380,39.816484</coordinates></Point>"
,517,0,0,unknown_control,0,116.525365,39.810681,"<Point><coordinates>116.525365,39.810681</coordinates></Point>"
,518,0,0,unknown_control,0,116.518374,39.815587,"<Point><coordinates>116.518374,39.815587</coordinates></Point>"
,519,0,0,unknown_control,0,116.523527,39.809795,"<Point><coordinates>116.523527,39.809795</coordinates></Point>"
,520,0,0,unknown_control,0,116.515590,39.814343,"<Point><coordinates>116.515590,39.814343</coordinates></Point>"
,521,0,0,unknown_control,0,116.520811,39.808487,"<Point><coordinates>116.520811,39.808487</coordinates></Point>"
,522,0,0,unknown_control,0,116.518231,39.811320,"<Point><coordinates>116.518231,39.811320</coordinates></Point>"
,523,0,0,unknown_control,0,116.520955,39.812649,"<Point><coordinates>116.520955,39.812649</coordinates></Point>"
,524,0,0,unknown_control,0,116.522897,39.813608,"<Point><coordinates>116.522897,39.813608</coordinates></Point>"
,525,0,0,unknown_control,0,116.525628,39.814927,"<Point><coordinates>116.525628,39.814927</coordinates></Point>"
,526,0,0,unknown_control,0,116.566691,39.767566,"<Point><coordinates>116.566691,39.767566</coordinates></Point>"
,527,0,0,unknown_control,0,116.566429,39.767494,"<Point><coordinates>116.566429,39.767494</coordinates></Point>"
,528,0,0,unknown_control,0,116.526539,39.821620,"<Point><coordinates>116.526539,39.821620</coordinates></Point>"
,529,0,0,unknown_control,0,116.563722,39.788315,"<Point><coordinates>116.563722,39.788315</coordinates></Point>"
,530,0,0,unknown_control,0,116.567198,39.790006,"<Point><coordinates>116.567198,39.790006</coordinates></Point>"
,531,0,0,unknown_control,0,116.528054,39.786168,"<Point><coordinates>116.528054,39.786168</coordinates></Point>"
,532,0,0,unknown_control,0,116.511513,39.782569,"<Point><coordinates>116.511513,39.782569</coordinates></Point>"
,533,0,0,unknown_control,0,116.520824,39.782677,"<Point><coordinates>116.520824,39.782677</coordinates></Point>"
,534,0,0,unknown_control,0,116.526040,39.774911,"<Point><coordinates>116.526040,39.774911</coordinates></Point>"
,535,0,0,unknown_control,0,116.520972,39.782753,"<Point><coordinates>116.520972,39.782753</coordinates></Point>"
,536,0,0,unknown_control,0,116.523933,39.779063,"<Point><coordinates>116.523933,39.779063</coordinates></Point>"
,537,0,0,unknown_control,0,116.530270,39.770410,"<Point><coordinates>116.530270,39.770410</coordinates></Point>"
,538,0,0,unknown_control,0,116.533451,39.766981,"<Point><coordinates>116.533451,39.766981</coordinates></Point>"
,539,0,0,unknown_control,0,116.536998,39.763402,"<Point><coordinates>116.536998,39.763402</coordinates></Point>"
,540,0,0,unknown_control,0,116.520638,39.782915,"<Point><coordinates>116.520638,39.782915</coordinates></Point>"
,541,0,0,unknown_control,0,116.527840,39.786382,"<Point><coordinates>116.527840,39.786382</coordinates></Point>"
,542,0,0,unknown_control,0,116.520782,39.782981,"<Point><coordinates>116.520782,39.782981</coordinates></Point>"
,543,0,0,unknown_control,0,116.511265,39.772900,"<Point><coordinates>116.511265,39.772900</coordinates></Point>"
,544,0,0,unknown_control,0,116.512603,39.776193,"<Point><coordinates>116.512603,39.776193</coordinates></Point>"
,545,0,0,unknown_control,0,116.483863,39.781860,"<Point><coordinates>116.483863,39.781860</coordinates></Point>"
,546,0,0,unknown_control,0,116.497611,39.773591,"<Point><coordinates>116.497611,39.773591</coordinates></Point>"
,547,0,0,unknown_control,0,116.510058,39.770354,"<Point><coordinates>116.510058,39.770354</coordinates></Point>"
,548,0,0,unknown_control,0,116.510202,39.770317,"<Point><coordinates>116.510202,39.770317</coordinates></Point>"
,549,0,0,unknown_control,0,116.492427,39.804028,"<Point><coordinates>116.492427,39.804028</coordinates></Point>"
,550,0,0,unknown_control,0,116.492383,39.805740,"<Point><coordinates>116.492383,39.805740</coordinates></Point>"
,551,0,0,unknown_control,0,116.553810,39.781868,"<Point><coordinates>116.553810,39.781868</coordinates></Point>"
,552,0,0,unknown_control,0,116.534048,39.810558,"<Point><coordinates>116.534048,39.810558</coordinates></Point>"
,553,0,0,unknown_control,0,116.521649,39.775014,"<Point><coordinates>116.521649,39.775014</coordinates></Point>"
,554,0,0,unknown_control,0,116.516233,39.775260,"<Point><coordinates>116.516233,39.775260</coordinates></Point>"
,555,0,0,unknown_control,0,116.517401,39.775853,"<Point><coordinates>116.517401,39.775853</coordinates></Point>"
,556,0,0,unknown_control,0,116.519994,39.777086,"<Point><coordinates>116.519994,39.777086</coordinates></Point>"
,557,0,0,unknown_control,0,116.523832,39.779015,"<Point><coordinates>116.523832,39.779015</coordinates></Point>"
,558,0,0,unknown_control,0,116.503873,39.809118,"<Point><coordinates>116.503873,39.809118</coordinates></Point>"
,559,0,0,unknown_control,0,116.501309,39.810710,"<Point><coordinates>116.501309,39.810710</coordinates></Point>"
,560,0,0,unknown_control,0,116.515348,39.773044,"<Point><coordinates>116.515348,39.773044</coordinates></Point>"
,561,0,0,unknown_control,0,116.519849,39.770269,"<Point><coordinates>116.519849,39.770269</coordinates></Point>"
,562,0,0,unknown_control,0,116.526390,39.819210,"<Point><coordinates>116.526390,39.819210</coordinates></Point>"
,563,0,0,unknown_control,0,116.503765,39.803713,"<Point><coordinates>116.503765,39.803713</coordinates></Point>"
,564,0,0,unknown_control,0,116.503852,39.803757,"<Point><coordinates>116.503852,39.803757</coordinates></Point>"
,565,0,0,unknown_control,0,116.524201,39.767451,"<Point><coordinates>116.524201,39.767451</coordinates></Point>"
,566,0,0,unknown_control,0,116.526789,39.768694,"<Point><coordinates>116.526789,39.768694</coordinates></Point>"
,567,0,0,unknown_control,0,116.528653,39.769637,"<Point><coordinates>116.528653,39.769637</coordinates></Point>"
,568,0,0,unknown_control,0,116.534764,39.772529,"<Point><coordinates>116.534764,39.772529</coordinates></Point>"
,569,0,0,unknown_control,0,116.540489,39.775313,"<Point><coordinates>116.540489,39.775313</coordinates></Point>"
,570,0,0,unknown_control,0,116.543408,39.771849,"<Point><coordinates>116.543408,39.771849</coordinates></Point>"
,571,0,0,unknown_control,0,116.541074,39.774732,"<Point><coordinates>116.541074,39.774732</coordinates></Point>"
,572,0,0,unknown_control,0,116.536841,39.778611,"<Point><coordinates>116.536841,39.778611</coordinates></Point>"
,573,0,0,unknown_control,0,116.541832,39.766531,"<Point><coordinates>116.541832,39.766531</coordinates></Point>"
,574,0,0,unknown_control,0,116.557529,39.771695,"<Point><coordinates>116.557529,39.771695</coordinates></Point>"
,575,0,0,unknown_control,0,116.538432,39.769423,"<Point><coordinates>116.538432,39.769423</coordinates></Point>"
,576,0,0,unknown_control,0,116.531709,39.776157,"<Point><coordinates>116.531709,39.776157</coordinates></Point>"
,577,0,0,unknown_control,0,116.511436,39.773313,"<Point><coordinates>116.511436,39.773313</coordinates></Point>"
,578,0,0,unknown_control,0,116.512040,39.774769,"<Point><coordinates>116.512040,39.774769</coordinates></Point>"
,579,0,0,unknown_control,0,116.513277,39.779814,"<Point><coordinates>116.513277,39.779814</coordinates></Point>"
,580,0,0,unknown_control,0,116.510569,39.783123,"<Point><coordinates>116.510569,39.783123</coordinates></Point>"
,581,0,0,unknown_control,0,116.510534,39.783431,"<Point><coordinates>116.510534,39.783431</coordinates></Point>"
,582,0,0,unknown_control,0,116.508830,39.785528,"<Point><coordinates>116.508830,39.785528</coordinates></Point>"
,583,0,0,unknown_control,0,116.508086,39.786174,"<Point><coordinates>116.508086,39.786174</coordinates></Point>"
,584,0,0,unknown_control,0,116.509015,39.785604,"<Point><coordinates>116.509015,39.785604</coordinates></Point>"
,585,0,0,unknown_control,0,116.506203,39.788500,"<Point><coordinates>116.506203,39.788500</coordinates></Point>"
,586,0,0,unknown_control,0,116.505629,39.789204,"<Point><coordinates>116.505629,39.789204</coordinates></Point>"
,587,0,0,unknown_control,0,116.505598,39.789502,"<Point><coordinates>116.505598,39.789502</coordinates></Point>"
,588,0,0,unknown_control,0,116.503767,39.791491,"<Point><coordinates>116.503767,39.791491</coordinates></Point>"
,589,0,0,unknown_control,0,116.503684,39.791611,"<Point><coordinates>116.503684,39.791611</coordinates></Point>"
,590,0,0,unknown_control,0,116.503062,39.792371,"<Point><coordinates>116.503062,39.792371</coordinates></Point>"
,591,0,0,unknown_control,0,116.503015,39.792671,"<Point><coordinates>116.503015,39.792671</coordinates></Point>"
,592,0,0,unknown_control,0,116.508051,39.786488,"<Point><coordinates>116.508051,39.786488</coordinates></Point>"
,593,0,0,unknown_control,0,116.501109,39.794761,"<Point><coordinates>116.501109,39.794761</coordinates></Point>"
,594,0,0,unknown_control,0,116.500551,39.795446,"<Point><coordinates>116.500551,39.795446</coordinates></Point>"
,595,0,0,unknown_control,0,116.500491,39.795786,"<Point><coordinates>116.500491,39.795786</coordinates></Point>"
,596,0,0,unknown_control,0,116.498502,39.797969,"<Point><coordinates>116.498502,39.797969</coordinates></Point>"
,597,0,0,unknown_control,0,116.497935,39.798666,"<Point><coordinates>116.497935,39.798666</coordinates></Point>"
,598,0,0,unknown_control,0,116.497901,39.798967,"<Point><coordinates>116.497901,39.798967</coordinates></Point>"
,599,0,0,unknown_control,0,116.495925,39.801138,"<Point><coordinates>116.495925,39.801138</coordinates></Point>"
,600,0,0,unknown_control,0,116.495885,39.801188,"<Point><coordinates>116.495885,39.801188</coordinates></Point>"
,601,0,0,unknown_control,0,116.495347,39.801852,"<Point><coordinates>116.495347,39.801852</coordinates></Point>"
,602,0,0,unknown_control,0,116.495286,39.802177,"<Point><coordinates>116.495286,39.802177</coordinates></Point>"
,603,0,0,unknown_control,0,116.493278,39.804406,"<Point><coordinates>116.493278,39.804406</coordinates></Point>"
,604,0,0,unknown_control,0,116.493307,39.805206,"<Point><coordinates>116.493307,39.805206</coordinates></Point>"
,605,0,0,unknown_control,0,116.529632,39.765199,"<Point><coordinates>116.529632,39.765199</coordinates></Point>"
,606,0,0,unknown_control,0,116.495959,39.805599,"<Point><coordinates>116.495959,39.805599</coordinates></Point>"
,607,0,0,unknown_control,0,116.492935,39.805663,"<Point><coordinates>116.492935,39.805663</coordinates></Point>"
,608,0,0,unknown_control,0,116.492548,39.805887,"<Point><coordinates>116.492548,39.805887</coordinates></Point>"
,609,0,0,unknown_control,0,116.491705,39.806940,"<Point><coordinates>116.491705,39.806940</coordinates></Point>"
,610,0,0,unknown_control,0,116.491662,39.807227,"<Point><coordinates>116.491662,39.807227</coordinates></Point>"
,611,0,0,unknown_control,0,116.535725,39.768081,"<Point><coordinates>116.535725,39.768081</coordinates></Point>"
,612,0,0,unknown_control,0,116.565779,39.780329,"<Point><coordinates>116.565779,39.780329</coordinates></Point>"
,613,0,0,unknown_control,0,116.563465,39.782826,"<Point><coordinates>116.563465,39.782826</coordinates></Point>"
,614,0,0,unknown_control,0,116.555814,39.791141,"<Point><coordinates>116.555814,39.791141</coordinates></Point>"
,615,0,0,unknown_control,0,116.553028,39.794164,"<Point><coordinates>116.553028,39.794164</coordinates></Point>"
,616,0,0,unknown_control,0,116.550257,39.797190,"<Point><coordinates>116.550257,39.797190</coordinates></Point>"
,617,0,0,unknown_control,0,116.543920,39.767011,"<Point><coordinates>116.543920,39.767011</coordinates></Point>"
,618,0,0,unknown_control,0,116.555694,39.771590,"<Point><coordinates>116.555694,39.771590</coordinates></Point>"
,619,0,0,unknown_control,0,116.552549,39.770485,"<Point><coordinates>116.552549,39.770485</coordinates></Point>"
,620,0,0,unknown_control,0,116.567656,39.784856,"<Point><coordinates>116.567656,39.784856</coordinates></Point>"
,621,0,0,unknown_control,0,116.546178,39.778119,"<Point><coordinates>116.546178,39.778119</coordinates></Point>"
,622,0,0,unknown_control,0,116.485987,39.791868,"<Point><coordinates>116.485987,39.791868</coordinates></Point>"
,623,0,0,unknown_control,0,116.481185,39.789573,"<Point><coordinates>116.481185,39.789573</coordinates></Point>"
,624,0,0,unknown_control,0,116.473795,39.791024,"<Point><coordinates>116.473795,39.791024</coordinates></Point>"
,625,0,0,unknown_control,0,116.473619,39.794740,"<Point><coordinates>116.473619,39.794740</coordinates></Point>"
,626,0,0,unknown_control,0,116.471056,39.798984,"<Point><coordinates>116.471056,39.798984</coordinates></Point>"
,627,0,0,unknown_control,0,116.475474,39.791649,"<Point><coordinates>116.475474,39.791649</coordinates></Point>"
,628,0,0,unknown_control,0,116.486719,39.783254,"<Point><coordinates>116.486719,39.783254</coordinates></Point>"
